alert_id,alert_type,is_sar,tran_id,orig_acct,bene_acct,tx_type,base_amt,tran_timestamp
15,fan_in,True,30,381,66,TRANSFER,237.33,2025-05-01T00:00:00Z
9,fan_in,True,38,1344,134,TRANSFER,985.76,2025-05-01T00:00:00Z
36,fan_out,True,46,20,347,TRANSFER,335.41,2025-05-01T00:00:00Z
1,fan_in,True,47,108,53,TRANSFER,139.27,2025-05-01T00:00:00Z
40,fan_out,True,55,333,927,TRANSFER,321.68,2025-05-01T00:00:00Z
46,fan_out,True,66,18,759,TRANSFER,832.2,2025-05-01T00:00:00Z
4,fan_in,True,106,577,349,TRANSFER,637.21,2025-05-01T00:00:00Z
21,fan_in,True,112,421,125,TRANSFER,951.5,2025-05-01T00:00:00Z
13,fan_in,True,122,435,78,TRANSFER,653.91,2025-05-01T00:00:00Z
60,cycle,True,136,40,743,TRANSFER,694.81,2025-05-01T00:00:00Z
8,fan_in,True,143,791,23,TRANSFER,507.27,2025-05-01T00:00:00Z
11,fan_in,True,163,758,339,TRANSFER,455.87,2025-05-01T00:00:00Z
0,fan_in,True,176,1238,9,TRANSFER,340.32,2025-05-01T00:00:00Z
32,fan_out,True,192,95,856,TRANSFER,357.32,2025-05-01T00:00:00Z
18,fan_in,True,197,1062,340,TRANSFER,127.78,2025-05-01T00:00:00Z
3,fan_in,True,221,402,328,TRANSFER,239.58,2025-05-01T00:00:00Z
39,fan_out,True,229,36,434,TRANSFER,985.48,2025-05-01T00:00:00Z
10,fan_in,True,235,985,7,TRANSFER,877.49,2025-05-01T00:00:00Z
19,fan_in,True,255,863,128,TRANSFER,960.58,2025-05-01T00:00:00Z
31,fan_out,True,260,37,980,TRANSFER,825.22,2025-05-01T00:00:00Z
31,fan_out,True,261,37,571,TRANSFER,825.22,2025-05-01T00:00:00Z
2,fan_in,True,267,424,38,TRANSFER,864.57,2025-05-01T00:00:00Z
14,fan_in,True,310,132,29,TRANSFER,297.01,2025-05-02T00:00:00Z
20,fan_in,True,365,1275,122,TRANSFER,116.51,2025-05-02T00:00:00Z
6,fan_in,True,392,971,75,TRANSFER,473.31,2025-05-02T00:00:00Z
47,fan_out,True,404,98,1406,TRANSFER,994.59,2025-05-02T00:00:00Z
17,fan_in,True,419,618,123,TRANSFER,447.02,2025-05-02T00:00:00Z
23,fan_in,True,424,1272,109,TRANSFER,968.51,2025-05-02T00:00:00Z
38,fan_out,True,427,119,1205,TRANSFER,855.15,2025-05-02T00:00:00Z
7,fan_in,True,449,1070,55,TRANSFER,786.1,2025-05-02T00:00:00Z
22,fan_in,True,462,568,118,TRANSFER,988.55,2025-05-02T00:00:00Z
32,fan_out,True,466,95,1206,TRANSFER,799.29,2025-05-02T00:00:00Z
32,fan_out,True,467,95,1047,TRANSFER,799.29,2025-05-02T00:00:00Z
39,fan_out,True,481,36,1158,TRANSFER,940.39,2025-05-02T00:00:00Z
24,fan_in,True,504,1090,58,TRANSFER,720.34,2025-05-02T00:00:00Z
16,fan_in,True,511,1393,327,TRANSFER,646.81,2025-05-02T00:00:00Z
45,fan_out,True,542,104,1028,TRANSFER,182.61,2025-05-03T00:00:00Z
27,fan_out,True,570,335,714,TRANSFER,356.44,2025-05-03T00:00:00Z
5,fan_in,True,591,616,117,TRANSFER,464.89,2025-05-03T00:00:00Z
60,cycle,True,627,197,40,TRANSFER,145.13,2025-05-03T00:00:00Z
25,fan_out,True,672,345,1041,TRANSFER,119.18,2025-05-03T00:00:00Z
25,fan_out,True,673,345,678,TRANSFER,119.18,2025-05-03T00:00:00Z
38,fan_out,True,706,119,518,TRANSFER,239.28,2025-05-03T00:00:00Z
12,fan_in,True,719,135,27,TRANSFER,943.02,2025-05-03T00:00:00Z
30,fan_out,True,732,89,632,TRANSFER,123.58,2025-05-03T00:00:00Z
48,fan_out,True,893,52,997,TRANSFER,199.57,2025-05-04T00:00:00Z
25,fan_out,True,897,345,1067,TRANSFER,317.29,2025-05-04T00:00:00Z
29,fan_out,True,961,102,648,TRANSFER,674.95,2025-05-04T00:00:00Z
23,fan_in,True,1003,602,109,TRANSFER,534.56,2025-05-04T00:00:00Z
19,fan_in,True,1037,1366,128,TRANSFER,420.16,2025-05-05T00:00:00Z
0,fan_in,True,1075,93,9,TRANSFER,975.62,2025-05-05T00:00:00Z
38,fan_out,True,1076,119,865,TRANSFER,628.82,2025-05-05T00:00:00Z
25,fan_out,True,1078,345,1326,TRANSFER,789.1,2025-05-05T00:00:00Z
14,fan_in,True,1144,195,29,TRANSFER,963.33,2025-05-05T00:00:00Z
29,fan_out,True,1171,102,1051,TRANSFER,895.26,2025-05-05T00:00:00Z
29,fan_out,True,1172,102,1306,TRANSFER,895.26,2025-05-05T00:00:00Z
35,fan_out,True,1179,129,1157,TRANSFER,405.34,2025-05-05T00:00:00Z
32,fan_out,True,1194,95,246,TRANSFER,330.42,2025-05-05T00:00:00Z
32,fan_out,True,1195,95,1420,TRANSFER,330.42,2025-05-05T00:00:00Z
3,fan_in,True,1234,1059,328,TRANSFER,520.62,2025-05-06T00:00:00Z
24,fan_in,True,1238,387,58,TRANSFER,581.86,2025-05-06T00:00:00Z
64,cycle,True,1285,15,1080,TRANSFER,223.58,2025-05-06T00:00:00Z
23,fan_in,True,1287,1271,109,TRANSFER,674.87,2025-05-06T00:00:00Z
28,fan_out,True,1300,83,809,TRANSFER,508.29,2025-05-06T00:00:00Z
47,fan_out,True,1322,98,395,TRANSFER,171.11,2025-05-06T00:00:00Z
18,fan_in,True,1341,990,340,TRANSFER,672.97,2025-05-06T00:00:00Z
8,fan_in,True,1368,31,23,TRANSFER,582.15,2025-05-06T00:00:00Z
33,fan_out,True,1466,94,264,TRANSFER,840.54,2025-05-06T00:00:00Z
32,fan_out,True,1520,95,1060,TRANSFER,282.48,2025-05-07T00:00:00Z
26,fan_out,True,1554,42,671,TRANSFER,528.8,2025-05-07T00:00:00Z
40,fan_out,True,1558,333,322,TRANSFER,224.51,2025-05-07T00:00:00Z
2,fan_in,True,1566,867,38,TRANSFER,453.61,2025-05-07T00:00:00Z
71,cycle,True,1658,69,1161,TRANSFER,920.49,2025-05-07T00:00:00Z
22,fan_in,True,1660,1024,118,TRANSFER,500.6,2025-05-07T00:00:00Z
35,fan_out,True,1707,129,1174,TRANSFER,965.31,2025-05-07T00:00:00Z
35,fan_out,True,1708,129,14,TRANSFER,965.31,2025-05-07T00:00:00Z
60,cycle,True,1716,1179,110,TRANSFER,397.83,2025-05-07T00:00:00Z
60,cycle,True,1717,530,197,TRANSFER,843.93,2025-05-07T00:00:00Z
45,fan_out,True,1725,104,283,TRANSFER,290.66,2025-05-07T00:00:00Z
17,fan_in,True,1746,1347,123,TRANSFER,503.49,2025-05-08T00:00:00Z
44,fan_out,True,1761,114,968,TRANSFER,190.3,2025-05-08T00:00:00Z
23,fan_in,True,1771,1017,109,TRANSFER,989.46,2025-05-08T00:00:00Z
49,fan_out,True,1780,106,505,TRANSFER,330.24,2025-05-08T00:00:00Z
35,fan_out,True,1817,129,231,TRANSFER,207.68,2025-05-08T00:00:00Z
45,fan_out,True,1837,104,721,TRANSFER,554.52,2025-05-08T00:00:00Z
4,fan_in,True,1856,62,349,TRANSFER,244.92,2025-05-08T00:00:00Z
25,fan_out,True,1893,345,725,TRANSFER,517.61,2025-05-08T00:00:00Z
28,fan_out,True,1906,83,663,TRANSFER,223.83,2025-05-08T00:00:00Z
9,fan_in,True,1921,1217,134,TRANSFER,466.5,2025-05-08T00:00:00Z
38,fan_out,True,1930,119,567,TRANSFER,543.95,2025-05-08T00:00:00Z
20,fan_in,True,1932,453,122,TRANSFER,464.4,2025-05-08T00:00:00Z
14,fan_in,True,1952,1377,29,TRANSFER,795.24,2025-05-08T00:00:00Z
32,fan_out,True,1965,95,1120,TRANSFER,897.78,2025-05-08T00:00:00Z
46,fan_out,True,2018,18,864,TRANSFER,696.07,2025-05-09T00:00:00Z
33,fan_out,True,2030,94,72,TRANSFER,413.43,2025-05-09T00:00:00Z
43,fan_out,True,2051,124,409,TRANSFER,145.98,2025-05-09T00:00:00Z
0,fan_in,True,2072,1131,9,TRANSFER,701.52,2025-05-09T00:00:00Z
28,fan_out,True,2083,83,499,TRANSFER,738.76,2025-05-09T00:00:00Z
12,fan_in,True,2086,977,27,TRANSFER,528.98,2025-05-09T00:00:00Z
13,fan_in,True,2097,1063,78,TRANSFER,579.3,2025-05-09T00:00:00Z
19,fan_in,True,2129,656,128,TRANSFER,397.1,2025-05-09T00:00:00Z
45,fan_out,True,2161,104,619,TRANSFER,430.36,2025-05-09T00:00:00Z
30,fan_out,True,2178,89,420,TRANSFER,715.5,2025-05-09T00:00:00Z
36,fan_out,True,2189,20,1431,TRANSFER,502.81,2025-05-09T00:00:00Z
62,cycle,True,2206,57,1384,TRANSFER,418.93,2025-05-09T00:00:00Z
25,fan_out,True,2210,345,1286,TRANSFER,274.37,2025-05-09T00:00:00Z
25,fan_out,True,2211,345,1354,TRANSFER,274.37,2025-05-09T00:00:00Z
48,fan_out,True,2243,52,1333,TRANSFER,945.63,2025-05-10T00:00:00Z
15,fan_in,True,2283,821,66,TRANSFER,158.57,2025-05-10T00:00:00Z
37,fan_out,True,2302,45,516,TRANSFER,578.75,2025-05-10T00:00:00Z
30,fan_out,True,2309,89,832,TRANSFER,815.8,2025-05-10T00:00:00Z
66,cycle,True,2337,46,1226,TRANSFER,978.88,2025-05-10T00:00:00Z
40,fan_out,True,2350,333,992,TRANSFER,705.35,2025-05-10T00:00:00Z
24,fan_in,True,2361,297,58,TRANSFER,504.04,2025-05-10T00:00:00Z
54,cycle,True,2387,35,1085,TRANSFER,947.93,2025-05-10T00:00:00Z
54,cycle,True,2388,579,1210,TRANSFER,223.3,2025-05-10T00:00:00Z
26,fan_out,True,2427,42,64,TRANSFER,244.67,2025-05-10T00:00:00Z
25,fan_out,True,2474,345,1422,TRANSFER,890.56,2025-05-10T00:00:00Z
25,fan_out,True,2475,345,556,TRANSFER,890.56,2025-05-10T00:00:00Z
1,fan_in,True,2476,731,53,TRANSFER,334.31,2025-05-10T00:00:00Z
36,fan_out,True,2511,20,238,TRANSFER,269.52,2025-05-11T00:00:00Z
18,fan_in,True,2610,662,340,TRANSFER,189.74,2025-05-11T00:00:00Z
11,fan_in,True,2615,419,339,TRANSFER,527.43,2025-05-11T00:00:00Z
3,fan_in,True,2619,831,328,TRANSFER,439.79,2025-05-11T00:00:00Z
8,fan_in,True,2630,74,23,TRANSFER,148.58,2025-05-11T00:00:00Z
66,cycle,True,2644,1029,872,TRANSFER,561.8,2025-05-11T00:00:00Z
14,fan_in,True,2653,101,29,TRANSFER,474.75,2025-05-11T00:00:00Z
35,fan_out,True,2662,129,464,TRANSFER,388.84,2025-05-11T00:00:00Z
54,cycle,True,2677,674,881,TRANSFER,434.74,2025-05-11T00:00:00Z
64,cycle,True,2678,1215,660,TRANSFER,423.65,2025-05-11T00:00:00Z
22,fan_in,True,2757,371,118,TRANSFER,101.71,2025-05-12T00:00:00Z
16,fan_in,True,2782,170,327,TRANSFER,459.77,2025-05-12T00:00:00Z
66,cycle,True,2788,1399,1124,TRANSFER,462.72,2025-05-12T00:00:00Z
54,cycle,True,2823,1073,1440,TRANSFER,479.93,2025-05-12T00:00:00Z
44,fan_out,True,2903,114,85,TRANSFER,646.33,2025-05-12T00:00:00Z
60,cycle,True,2917,743,1179,TRANSFER,561.37,2025-05-12T00:00:00Z
60,cycle,True,2918,110,530,TRANSFER,578.17,2025-05-12T00:00:00Z
32,fan_out,True,2920,95,284,TRANSFER,762.08,2025-05-12T00:00:00Z
0,fan_in,True,2963,394,9,TRANSFER,104.49,2025-05-13T00:00:00Z
71,cycle,True,2992,935,486,TRANSFER,950.41,2025-05-13T00:00:00Z
2,fan_in,True,3021,331,38,TRANSFER,182.91,2025-05-13T00:00:00Z
36,fan_out,True,3057,20,311,TRANSFER,420.05,2025-05-13T00:00:00Z
36,fan_out,True,3058,20,767,TRANSFER,420.05,2025-05-13T00:00:00Z
21,fan_in,True,3064,858,125,TRANSFER,406.91,2025-05-13T00:00:00Z
33,fan_out,True,3072,94,268,TRANSFER,526.6,2025-05-13T00:00:00Z
35,fan_out,True,3111,129,1227,TRANSFER,447.54,2025-05-13T00:00:00Z
10,fan_in,True,3114,1334,7,TRANSFER,250.04,2025-05-13T00:00:00Z
62,cycle,True,3121,56,30,TRANSFER,322.09,2025-05-13T00:00:00Z
19,fan_in,True,3162,1298,128,TRANSFER,503.96,2025-05-13T00:00:00Z
54,cycle,True,3212,683,674,TRANSFER,566.71,2025-05-14T00:00:00Z
54,cycle,True,3213,881,35,TRANSFER,250.01,2025-05-14T00:00:00Z
27,fan_out,True,3249,335,39,TRANSFER,463.0,2025-05-14T00:00:00Z
27,fan_out,True,3250,335,1166,TRANSFER,463.0,2025-05-14T00:00:00Z
66,cycle,True,3263,872,1399,TRANSFER,849.62,2025-05-14T00:00:00Z
66,cycle,True,3264,1124,126,TRANSFER,540.74,2025-05-14T00:00:00Z
28,fan_out,True,3270,83,288,TRANSFER,289.47,2025-05-14T00:00:00Z
17,fan_in,True,3287,964,123,TRANSFER,594.06,2025-05-14T00:00:00Z
20,fan_in,True,3307,805,122,TRANSFER,816.37,2025-05-14T00:00:00Z
5,fan_in,True,3323,103,117,TRANSFER,728.26,2025-05-14T00:00:00Z
24,fan_in,True,3388,673,58,TRANSFER,788.1,2025-05-14T00:00:00Z
42,fan_out,True,3389,121,1054,TRANSFER,259.33,2025-05-14T00:00:00Z
14,fan_in,True,3399,778,29,TRANSFER,975.62,2025-05-14T00:00:00Z
6,fan_in,True,3433,708,75,TRANSFER,638.92,2025-05-14T00:00:00Z
30,fan_out,True,3451,89,380,TRANSFER,707.57,2025-05-14T00:00:00Z
30,fan_out,True,3452,89,896,TRANSFER,707.57,2025-05-14T00:00:00Z
7,fan_in,True,3477,1146,55,TRANSFER,647.98,2025-05-15T00:00:00Z
71,cycle,True,3482,486,945,TRANSFER,917.42,2025-05-15T00:00:00Z
9,fan_in,True,3484,910,134,TRANSFER,469.0,2025-05-15T00:00:00Z
4,fan_in,True,3495,1007,349,TRANSFER,852.43,2025-05-15T00:00:00Z
27,fan_out,True,3526,335,410,TRANSFER,744.76,2025-05-15T00:00:00Z
48,fan_out,True,3579,52,578,TRANSFER,368.19,2025-05-15T00:00:00Z
12,fan_in,True,3583,680,27,TRANSFER,394.08,2025-05-15T00:00:00Z
49,fan_out,True,3623,106,907,TRANSFER,935.3,2025-05-15T00:00:00Z
35,fan_out,True,3671,129,247,TRANSFER,598.28,2025-05-15T00:00:00Z
41,fan_out,True,3679,61,761,TRANSFER,773.9,2025-05-15T00:00:00Z
66,cycle,True,3714,1226,1029,TRANSFER,938.47,2025-05-15T00:00:00Z
66,cycle,True,3715,126,46,TRANSFER,533.72,2025-05-15T00:00:00Z
3,fan_in,True,3730,463,328,TRANSFER,648.4,2025-05-16T00:00:00Z
8,fan_in,True,3761,462,23,TRANSFER,750.81,2025-05-16T00:00:00Z
54,cycle,True,3790,1210,683,TRANSFER,884.32,2025-05-16T00:00:00Z
18,fan_in,True,3814,405,340,TRANSFER,547.28,2025-05-16T00:00:00Z
37,fan_out,True,3840,45,717,TRANSFER,334.05,2025-05-16T00:00:00Z
71,cycle,True,3849,906,935,TRANSFER,348.17,2025-05-16T00:00:00Z
38,fan_out,True,3854,119,1043,TRANSFER,402.36,2025-05-16T00:00:00Z
34,fan_out,True,3869,65,584,TRANSFER,390.88,2025-05-16T00:00:00Z
48,fan_out,True,3875,52,1137,TRANSFER,332.04,2025-05-16T00:00:00Z
13,fan_in,True,3966,244,78,TRANSFER,184.89,2025-05-17T00:00:00Z
54,cycle,True,3970,1440,579,TRANSFER,442.87,2025-05-17T00:00:00Z
29,fan_out,True,4036,102,904,TRANSFER,497.91,2025-05-17T00:00:00Z
29,fan_out,True,4037,102,1247,TRANSFER,497.91,2025-05-17T00:00:00Z
19,fan_in,True,4041,857,128,TRANSFER,132.61,2025-05-17T00:00:00Z
22,fan_in,True,4059,1138,118,TRANSFER,793.98,2025-05-17T00:00:00Z
45,fan_out,True,4066,104,609,TRANSFER,812.73,2025-05-17T00:00:00Z
14,fan_in,True,4103,1012,29,TRANSFER,552.24,2025-05-17T00:00:00Z
43,fan_out,True,4116,124,1115,TRANSFER,106.06,2025-05-17T00:00:00Z
0,fan_in,True,4212,559,9,TRANSFER,431.4,2025-05-17T00:00:00Z
27,fan_out,True,4277,335,608,TRANSFER,109.78,2025-05-18T00:00:00Z
38,fan_out,True,4287,119,310,TRANSFER,232.16,2025-05-18T00:00:00Z
49,fan_out,True,4296,106,776,TRANSFER,739.54,2025-05-18T00:00:00Z
62,cycle,True,4297,30,138,TRANSFER,155.76,2025-05-18T00:00:00Z
62,cycle,True,4298,90,57,TRANSFER,152.08,2025-05-18T00:00:00Z
64,cycle,True,4363,1080,1160,TRANSFER,155.55,2025-05-18T00:00:00Z
64,cycle,True,4364,1160,1215,TRANSFER,684.22,2025-05-18T00:00:00Z
64,cycle,True,4365,660,15,TRANSFER,289.4,2025-05-18T00:00:00Z
43,fan_out,True,4446,124,1379,TRANSFER,890.54,2025-05-18T00:00:00Z
54,cycle,True,4496,1085,1073,TRANSFER,567.61,2025-05-19T00:00:00Z
62,cycle,True,4512,138,90,TRANSFER,983.4,2025-05-19T00:00:00Z
28,fan_out,True,4546,83,737,TRANSFER,883.83,2025-05-19T00:00:00Z
15,fan_in,True,4558,948,66,TRANSFER,602.1,2025-05-19T00:00:00Z
71,cycle,True,4586,945,69,TRANSFER,517.62,2025-05-19T00:00:00Z
30,fan_out,True,4588,89,826,TRANSFER,402.63,2025-05-19T00:00:00Z
40,fan_out,True,4591,333,444,TRANSFER,779.04,2025-05-19T00:00:00Z
1,fan_in,True,4647,8,53,TRANSFER,599.82,2025-05-19T00:00:00Z
2,fan_in,True,4658,177,38,TRANSFER,419.3,2025-05-19T00:00:00Z
48,fan_out,True,4671,52,1346,TRANSFER,141.72,2025-05-19T00:00:00Z
62,cycle,True,4682,1384,56,TRANSFER,350.91,2025-05-20T00:00:00Z
14,fan_in,True,4692,766,29,TRANSFER,162.35,2025-05-20T00:00:00Z
42,fan_out,True,4743,121,178,TRANSFER,495.0,2025-05-20T00:00:00Z
71,cycle,True,4771,1161,906,TRANSFER,479.08,2025-05-20T00:00:00Z
33,fan_out,True,4779,94,430,TRANSFER,133.12,2025-05-20T00:00:00Z
33,fan_out,True,4780,94,1209,TRANSFER,133.12,2025-05-20T00:00:00Z
38,fan_out,True,4785,119,1387,TRANSFER,472.58,2025-05-20T00:00:00Z
17,fan_in,True,4792,1241,123,TRANSFER,373.78,2025-05-20T00:00:00Z
20,fan_in,True,4915,836,122,TRANSFER,843.74,2025-05-20T00:00:00Z
8,fan_in,True,4944,1052,23,TRANSFER,635.7,2025-05-21T00:00:00Z
18,fan_in,True,4958,583,340,TRANSFER,532.9,2025-05-21T00:00:00Z
41,fan_out,True,4977,61,1180,TRANSFER,462.17,2025-05-21T00:00:00Z
11,fan_in,True,5009,941,339,TRANSFER,586.67,2025-05-21T00:00:00Z
12,fan_in,True,5025,1421,27,TRANSFER,344.66,2025-05-21T00:00:00Z
0,fan_in,True,5116,1416,9,TRANSFER,478.12,2025-05-21T00:00:00Z
19,fan_in,True,5125,382,128,TRANSFER,553.61,2025-05-21T00:00:00Z
3,fan_in,True,5148,644,328,TRANSFER,829.43,2025-05-21T00:00:00Z
49,fan_out,True,5149,106,337,TRANSFER,289.79,2025-05-21T00:00:00Z
47,fan_out,True,5157,98,357,TRANSFER,469.3,2025-05-21T00:00:00Z
44,fan_out,True,5220,114,561,TRANSFER,299.59,2025-05-22T00:00:00Z
16,fan_in,True,5258,502,327,TRANSFER,945.39,2025-05-22T00:00:00Z
39,fan_out,True,5278,36,1008,TRANSFER,405.25,2025-05-22T00:00:00Z
4,fan_in,True,5284,956,349,TRANSFER,358.15,2025-05-22T00:00:00Z
26,fan_out,True,5354,42,718,TRANSFER,242.73,2025-05-22T00:00:00Z
22,fan_in,True,5394,989,118,TRANSFER,168.91,2025-05-22T00:00:00Z
9,fan_in,True,5413,248,134,TRANSFER,776.57,2025-05-22T00:00:00Z
28,fan_out,True,5498,83,282,TRANSFER,411.99,2025-05-23T00:00:00Z
31,fan_out,True,5527,37,1360,TRANSFER,116.69,2025-05-23T00:00:00Z
31,fan_out,True,5528,37,404,TRANSFER,116.69,2025-05-23T00:00:00Z
14,fan_in,True,5552,437,29,TRANSFER,266.86,2025-05-23T00:00:00Z
46,fan_out,True,5579,18,1132,TRANSFER,761.75,2025-05-23T00:00:00Z
29,fan_out,True,5715,102,549,TRANSFER,958.23,2025-05-24T00:00:00Z
33,fan_out,True,5917,94,1365,TRANSFER,556.81,2025-05-24T00:00:00Z
2,fan_in,True,6004,1031,38,TRANSFER,463.95,2025-05-25T00:00:00Z
0,fan_in,True,6011,554,9,TRANSFER,834.25,2025-05-25T00:00:00Z
34,fan_out,True,6014,65,981,TRANSFER,411.74,2025-05-25T00:00:00Z
46,fan_out,True,6038,18,174,TRANSFER,113.65,2025-05-25T00:00:00Z
10,fan_in,True,6040,765,7,TRANSFER,680.69,2025-05-25T00:00:00Z
21,fan_in,True,6047,756,125,TRANSFER,735.25,2025-05-25T00:00:00Z
13,fan_in,True,6055,951,78,TRANSFER,465.51,2025-05-25T00:00:00Z
19,fan_in,True,6064,353,128,TRANSFER,471.78,2025-05-25T00:00:00Z
28,fan_out,True,6089,83,1436,TRANSFER,910.49,2025-05-25T00:00:00Z
28,fan_out,True,6090,83,222,TRANSFER,910.49,2025-05-25T00:00:00Z
63,cycle,True,6139,28,1113,TRANSFER,634.54,2025-05-25T00:00:00Z
63,cycle,True,6140,286,28,TRANSFER,491.15,2025-05-25T00:00:00Z
5,fan_in,True,6160,97,117,TRANSFER,511.09,2025-05-25T00:00:00Z
49,fan_out,True,6181,106,1385,TRANSFER,795.09,2025-05-26T00:00:00Z
6,fan_in,True,6190,866,75,TRANSFER,753.89,2025-05-26T00:00:00Z
63,cycle,True,6195,783,1125,TRANSFER,404.71,2025-05-26T00:00:00Z
3,fan_in,True,6292,1055,328,TRANSFER,430.04,2025-05-26T00:00:00Z
43,fan_out,True,6302,124,811,TRANSFER,328.74,2025-05-26T00:00:00Z
18,fan_in,True,6306,1380,340,TRANSFER,773.29,2025-05-26T00:00:00Z
8,fan_in,True,6352,325,23,TRANSFER,361.88,2025-05-26T00:00:00Z
49,fan_out,True,6501,106,697,TRANSFER,561.12,2025-05-27T00:00:00Z
55,cycle,True,6567,100,782,TRANSFER,259.09,2025-05-27T00:00:00Z
55,cycle,True,6568,498,227,TRANSFER,635.43,2025-05-27T00:00:00Z
55,cycle,True,6569,755,903,TRANSFER,405.17,2025-05-27T00:00:00Z
55,cycle,True,6570,903,1423,TRANSFER,561.63,2025-05-27T00:00:00Z
55,cycle,True,6571,1423,84,TRANSFER,420.87,2025-05-27T00:00:00Z
58,cycle,True,6573,81,1244,TRANSFER,702.8,2025-05-27T00:00:00Z
58,cycle,True,6574,887,81,TRANSFER,336.81,2025-05-27T00:00:00Z
22,fan_in,True,6619,839,118,TRANSFER,342.41,2025-05-27T00:00:00Z
29,fan_out,True,6643,102,855,TRANSFER,647.65,2025-05-28T00:00:00Z
48,fan_out,True,6665,52,1235,TRANSFER,175.5,2025-05-28T00:00:00Z
7,fan_in,True,6676,975,55,TRANSFER,132.94,2025-05-28T00:00:00Z
15,fan_in,True,6684,99,66,TRANSFER,635.8,2025-05-28T00:00:00Z
55,cycle,True,6686,227,1168,TRANSFER,914.09,2025-05-28T00:00:00Z
63,cycle,True,6720,422,1186,TRANSFER,251.65,2025-05-28T00:00:00Z
58,cycle,True,6758,625,1255,TRANSFER,284.67,2025-05-28T00:00:00Z
58,cycle,True,6759,558,887,TRANSFER,716.02,2025-05-28T00:00:00Z
39,fan_out,True,6779,36,194,TRANSFER,795.4,2025-05-28T00:00:00Z
1,fan_in,True,6860,894,53,TRANSFER,123.11,2025-05-28T00:00:00Z
19,fan_in,True,6884,876,128,TRANSFER,464.11,2025-05-29T00:00:00Z
4,fan_in,True,6899,533,349,TRANSFER,268.69,2025-05-29T00:00:00Z
55,cycle,True,6970,611,755,TRANSFER,788.3,2025-05-29T00:00:00Z
9,fan_in,True,7090,423,134,TRANSFER,162.81,2025-05-29T00:00:00Z
58,cycle,True,7094,193,595,TRANSFER,108.58,2025-05-29T00:00:00Z
58,cycle,True,7095,1255,558,TRANSFER,619.54,2025-05-29T00:00:00Z
49,fan_out,True,7119,106,837,TRANSFER,334.68,2025-05-29T00:00:00Z
35,fan_out,True,7305,129,80,TRANSFER,928.65,2025-05-30T00:00:00Z
55,cycle,True,7362,1168,611,TRANSFER,853.17,2025-05-30T00:00:00Z
55,cycle,True,7363,84,100,TRANSFER,578.73,2025-05-30T00:00:00Z
37,fan_out,True,7366,45,770,TRANSFER,751.59,2025-05-30T00:00:00Z
42,fan_out,True,7367,121,870,TRANSFER,429.33,2025-05-30T00:00:00Z
55,cycle,True,7415,782,498,TRANSFER,358.41,2025-05-31T00:00:00Z
3,fan_in,True,7419,699,328,TRANSFER,577.45,2025-05-31T00:00:00Z
18,fan_in,True,7447,107,340,TRANSFER,111.62,2025-05-31T00:00:00Z
41,fan_out,True,7458,61,1093,TRANSFER,418.37,2025-05-31T00:00:00Z
8,fan_in,True,7460,1079,23,TRANSFER,586.47,2025-05-31T00:00:00Z
2,fan_in,True,7489,552,38,TRANSFER,147.51,2025-05-31T00:00:00Z
45,fan_out,True,7510,104,440,TRANSFER,144.84,2025-05-31T00:00:00Z
63,cycle,True,7554,375,422,TRANSFER,570.2,2025-05-31T00:00:00Z
63,cycle,True,7555,1186,963,TRANSFER,500.15,2025-05-31T00:00:00Z
63,cycle,True,7556,1427,286,TRANSFER,535.13,2025-05-31T00:00:00Z
11,fan_in,True,7620,772,339,TRANSFER,246.58,2025-05-31T00:00:00Z
58,cycle,True,7635,595,645,TRANSFER,121.08,2025-05-31T00:00:00Z
16,fan_in,True,7644,223,327,TRANSFER,882.46,2025-06-01T00:00:00Z
34,fan_out,True,7676,65,1350,TRANSFER,889.19,2025-06-01T00:00:00Z
44,fan_out,True,7685,114,1088,TRANSFER,105.63,2025-06-01T00:00:00Z
74,cycle,True,7721,67,1321,TRANSFER,519.34,2025-06-01T00:00:00Z
74,cycle,True,7722,513,734,TRANSFER,178.65,2025-06-01T00:00:00Z
28,fan_out,True,7735,83,136,TRANSFER,545.38,2025-06-01T00:00:00Z
22,fan_in,True,7821,934,118,TRANSFER,612.55,2025-06-01T00:00:00Z
74,cycle,True,7877,1292,67,TRANSFER,985.14,2025-06-02T00:00:00Z
37,fan_out,True,7912,45,51,TRANSFER,635.85,2025-06-02T00:00:00Z
41,fan_out,True,7920,61,48,TRANSFER,349.11,2025-06-02T00:00:00Z
30,fan_out,True,7967,89,1027,TRANSFER,637.92,2025-06-02T00:00:00Z
43,fan_out,True,8033,124,788,TRANSFER,245.41,2025-06-02T00:00:00Z
13,fan_in,True,8065,1176,78,TRANSFER,769.32,2025-06-02T00:00:00Z
47,fan_out,True,8089,98,495,TRANSFER,374.83,2025-06-02T00:00:00Z
74,cycle,True,8129,1425,1300,TRANSFER,926.84,2025-06-03T00:00:00Z
44,fan_out,True,8150,114,240,TRANSFER,599.84,2025-06-03T00:00:00Z
29,fan_out,True,8223,102,431,TRANSFER,738.2,2025-06-03T00:00:00Z
38,fan_out,True,8253,119,3,TRANSFER,602.99,2025-06-03T00:00:00Z
63,cycle,True,8408,1125,375,TRANSFER,468.3,2025-06-04T00:00:00Z
58,cycle,True,8428,645,625,TRANSFER,739.12,2025-06-04T00:00:00Z
43,fan_out,True,8555,124,746,TRANSFER,300.14,2025-06-04T00:00:00Z
4,fan_in,True,8639,1187,349,TRANSFER,974.07,2025-06-05T00:00:00Z
9,fan_in,True,8657,220,134,TRANSFER,553.35,2025-06-05T00:00:00Z
5,fan_in,True,8672,722,117,TRANSFER,505.59,2025-06-05T00:00:00Z
18,fan_in,True,8708,1057,340,TRANSFER,124.47,2025-06-05T00:00:00Z
8,fan_in,True,8836,467,23,TRANSFER,833.31,2025-06-05T00:00:00Z
43,fan_out,True,8889,124,679,TRANSFER,846.64,2025-06-06T00:00:00Z
10,fan_in,True,8910,889,7,TRANSFER,178.01,2025-06-06T00:00:00Z
59,cycle,True,8950,22,988,TRANSFER,617.05,2025-06-06T00:00:00Z
21,fan_in,True,8980,814,125,TRANSFER,713.62,2025-06-06T00:00:00Z
1,fan_in,True,8987,666,53,TRANSFER,295.11,2025-06-06T00:00:00Z
58,cycle,True,9019,1244,193,TRANSFER,353.84,2025-06-06T00:00:00Z
46,fan_out,True,9021,18,822,TRANSFER,379.35,2025-06-06T00:00:00Z
22,fan_in,True,9027,773,118,TRANSFER,237.4,2025-06-06T00:00:00Z
15,fan_in,True,9045,548,66,TRANSFER,608.8,2025-06-06T00:00:00Z
34,fan_out,True,9049,65,710,TRANSFER,161.73,2025-06-06T00:00:00Z
34,fan_out,True,9050,65,1140,TRANSFER,161.73,2025-06-06T00:00:00Z
49,fan_out,True,9060,106,1363,TRANSFER,357.66,2025-06-06T00:00:00Z
2,fan_in,True,9066,972,38,TRANSFER,711.42,2025-06-06T00:00:00Z
49,fan_out,True,9142,106,455,TRANSFER,964.06,2025-06-07T00:00:00Z
6,fan_in,True,9195,874,75,TRANSFER,831.87,2025-06-07T00:00:00Z
63,cycle,True,9214,963,1427,TRANSFER,361.28,2025-06-07T00:00:00Z
59,cycle,True,9312,848,271,TRANSFER,142.22,2025-06-07T00:00:00Z
59,cycle,True,9313,271,1268,TRANSFER,862.89,2025-06-07T00:00:00Z
39,fan_out,True,9446,36,304,TRANSFER,458.4,2025-06-08T00:00:00Z
46,fan_out,True,9463,18,969,TRANSFER,613.86,2025-06-08T00:00:00Z
69,cycle,True,9578,82,196,TRANSFER,212.45,2025-06-09T00:00:00Z
69,cycle,True,9579,0,891,TRANSFER,419.67,2025-06-09T00:00:00Z
52,cycle,True,9653,115,769,TRANSFER,275.68,2025-06-09T00:00:00Z
63,cycle,True,9669,1113,783,TRANSFER,371.54,2025-06-09T00:00:00Z
74,cycle,True,9747,1096,1425,TRANSFER,678.89,2025-06-09T00:00:00Z
74,cycle,True,9748,307,1292,TRANSFER,945.21,2025-06-09T00:00:00Z
13,fan_in,True,9868,693,78,TRANSFER,233.85,2025-06-10T00:00:00Z
11,fan_in,True,9892,613,339,TRANSFER,606.87,2025-06-10T00:00:00Z
18,fan_in,True,9894,1154,340,TRANSFER,315.41,2025-06-10T00:00:00Z
69,cycle,True,9996,930,336,TRANSFER,962.71,2025-06-10T00:00:00Z
7,fan_in,True,10001,149,55,TRANSFER,624.5,2025-06-10T00:00:00Z
69,cycle,True,10069,851,930,TRANSFER,999.51,2025-06-11T00:00:00Z
30,fan_out,True,10091,89,531,TRANSFER,254.62,2025-06-11T00:00:00Z
52,cycle,True,10203,585,508,TRANSFER,478.24,2025-06-11T00:00:00Z
52,cycle,True,10204,508,959,TRANSFER,542.0,2025-06-11T00:00:00Z
16,fan_in,True,10218,392,327,TRANSFER,758.82,2025-06-11T00:00:00Z
59,cycle,True,10220,1268,22,TRANSFER,877.21,2025-06-11T00:00:00Z
74,cycle,True,10289,1309,1096,TRANSFER,817.61,2025-06-12T00:00:00Z
74,cycle,True,10290,1300,307,TRANSFER,788.04,2025-06-12T00:00:00Z
26,fan_out,True,10318,42,810,TRANSFER,353.71,2025-06-12T00:00:00Z
2,fan_in,True,10335,265,38,TRANSFER,843.43,2025-06-12T00:00:00Z
9,fan_in,True,10375,241,134,TRANSFER,615.53,2025-06-12T00:00:00Z
39,fan_out,True,10389,36,843,TRANSFER,317.64,2025-06-12T00:00:00Z
39,fan_out,True,10390,36,1430,TRANSFER,317.64,2025-06-12T00:00:00Z
53,cycle,True,10392,70,657,TRANSFER,133.19,2025-06-12T00:00:00Z
39,fan_out,True,10599,36,274,TRANSFER,755.29,2025-06-13T00:00:00Z
61,cycle,True,10628,86,398,TRANSFER,113.62,2025-06-13T00:00:00Z
65,cycle,True,10701,47,675,TRANSFER,348.27,2025-06-13T00:00:00Z
52,cycle,True,10712,854,585,TRANSFER,330.24,2025-06-13T00:00:00Z
52,cycle,True,10713,959,115,TRANSFER,409.23,2025-06-13T00:00:00Z
56,cycle,True,10728,105,1108,TRANSFER,288.06,2025-06-13T00:00:00Z
46,fan_out,True,10734,18,279,TRANSFER,255.34,2025-06-13T00:00:00Z
59,cycle,True,10774,988,848,TRANSFER,315.49,2025-06-14T00:00:00Z
69,cycle,True,10782,63,705,TRANSFER,605.09,2025-06-14T00:00:00Z
37,fan_out,True,10853,45,401,TRANSFER,890.92,2025-06-14T00:00:00Z
74,cycle,True,10864,1321,513,TRANSFER,952.46,2025-06-14T00:00:00Z
74,cycle,True,10865,734,1309,TRANSFER,444.08,2025-06-14T00:00:00Z
53,cycle,True,10885,890,1001,TRANSFER,942.61,2025-06-14T00:00:00Z
61,cycle,True,10937,214,998,TRANSFER,188.87,2025-06-14T00:00:00Z
27,fan_out,True,10952,335,49,TRANSFER,327.92,2025-06-14T00:00:00Z
43,fan_out,True,10967,124,1048,TRANSFER,436.37,2025-06-14T00:00:00Z
31,fan_out,True,10983,37,882,TRANSFER,765.09,2025-06-14T00:00:00Z
57,cycle,True,11012,43,281,TRANSFER,554.78,2025-06-14T00:00:00Z
57,cycle,True,11013,842,359,TRANSFER,569.54,2025-06-14T00:00:00Z
57,cycle,True,11014,359,426,TRANSFER,330.86,2025-06-14T00:00:00Z
65,cycle,True,11039,6,139,TRANSFER,964.75,2025-06-15T00:00:00Z
65,cycle,True,11040,139,47,TRANSFER,310.91,2025-06-15T00:00:00Z
53,cycle,True,11136,1001,300,TRANSFER,640.02,2025-06-15T00:00:00Z
52,cycle,True,11217,769,854,TRANSFER,786.7,2025-06-15T00:00:00Z
15,fan_in,True,11218,79,66,TRANSFER,412.33,2025-06-15T00:00:00Z
30,fan_out,True,11232,89,624,TRANSFER,140.56,2025-06-15T00:00:00Z
57,cycle,True,11253,1259,43,TRANSFER,560.33,2025-06-15T00:00:00Z
72,cycle,True,11267,73,270,TRANSFER,802.95,2025-06-16T00:00:00Z
27,fan_out,True,11300,335,1000,TRANSFER,181.37,2025-06-16T00:00:00Z
56,cycle,True,11380,515,1065,TRANSFER,755.83,2025-06-16T00:00:00Z
56,cycle,True,11381,277,105,TRANSFER,489.12,2025-06-16T00:00:00Z
61,cycle,True,11457,744,86,TRANSFER,117.46,2025-06-16T00:00:00Z
72,cycle,True,11568,1302,73,TRANSFER,713.88,2025-06-17T00:00:00Z
57,cycle,True,11621,426,1259,TRANSFER,380.29,2025-06-17T00:00:00Z
67,cycle,True,11642,131,1314,TRANSFER,565.41,2025-06-17T00:00:00Z
41,fan_out,True,11724,61,655,TRANSFER,969.42,2025-06-17T00:00:00Z
10,fan_in,True,11734,711,7,TRANSFER,967.03,2025-06-18T00:00:00Z
2,fan_in,True,11781,900,38,TRANSFER,501.4,2025-06-18T00:00:00Z
69,cycle,True,11826,817,851,TRANSFER,390.2,2025-06-18T00:00:00Z
57,cycle,True,11859,557,842,TRANSFER,206.83,2025-06-18T00:00:00Z
48,fan_out,True,11869,52,1398,TRANSFER,552.56,2025-06-18T00:00:00Z
67,cycle,True,11915,912,131,TRANSFER,226.51,2025-06-18T00:00:00Z
13,fan_in,True,11949,642,78,TRANSFER,576.77,2025-06-18T00:00:00Z
44,fan_out,True,11952,114,670,TRANSFER,688.46,2025-06-18T00:00:00Z
72,cycle,True,12005,703,260,TRANSFER,969.13,2025-06-19T00:00:00Z
67,cycle,True,12031,213,176,TRANSFER,646.95,2025-06-19T00:00:00Z
9,fan_in,True,12040,1312,134,TRANSFER,150.95,2025-06-19T00:00:00Z
31,fan_out,True,12131,37,1296,TRANSFER,350.05,2025-06-19T00:00:00Z
6,fan_in,True,12151,598,75,TRANSFER,536.76,2025-06-19T00:00:00Z
61,cycle,True,12217,998,838,TRANSFER,774.75,2025-06-19T00:00:00Z
11,fan_in,True,12318,185,339,TRANSFER,670.66,2025-06-20T00:00:00Z
56,cycle,True,12336,1004,1424,TRANSFER,339.29,2025-06-20T00:00:00Z
47,fan_out,True,12407,98,884,TRANSFER,812.42,2025-06-20T00:00:00Z
57,cycle,True,12513,281,557,TRANSFER,550.17,2025-06-21T00:00:00Z
26,fan_out,True,12558,42,378,TRANSFER,561.48,2025-06-21T00:00:00Z
69,cycle,True,12732,891,63,TRANSFER,395.43,2025-06-22T00:00:00Z
65,cycle,True,12738,847,6,TRANSFER,264.08,2025-06-22T00:00:00Z
56,cycle,True,12815,182,1004,TRANSFER,701.54,2025-06-22T00:00:00Z
56,cycle,True,12816,1274,277,TRANSFER,376.79,2025-06-22T00:00:00Z
53,cycle,True,12840,1305,70,TRANSFER,214.98,2025-06-22T00:00:00Z
67,cycle,True,12882,176,912,TRANSFER,790.95,2025-06-22T00:00:00Z
69,cycle,True,12995,336,0,TRANSFER,752.12,2025-06-23T00:00:00Z
69,cycle,True,12996,705,82,TRANSFER,792.08,2025-06-23T00:00:00Z
51,cycle,True,13029,50,1261,TRANSFER,113.72,2025-06-23T00:00:00Z
61,cycle,True,13066,838,232,TRANSFER,339.95,2025-06-23T00:00:00Z
61,cycle,True,13067,232,744,TRANSFER,279.63,2025-06-23T00:00:00Z
67,cycle,True,13191,1314,213,TRANSFER,148.59,2025-06-24T00:00:00Z
15,fan_in,True,13298,433,66,TRANSFER,716.42,2025-06-24T00:00:00Z
65,cycle,True,13344,675,847,TRANSFER,664.78,2025-06-24T00:00:00Z
42,fan_out,True,13651,121,1153,TRANSFER,898.4,2025-06-26T00:00:00Z
31,fan_out,True,13669,37,25,TRANSFER,358.67,2025-06-26T00:00:00Z
56,cycle,True,13798,1424,515,TRANSFER,847.63,2025-06-26T00:00:00Z
13,fan_in,True,13814,396,78,TRANSFER,560.66,2025-06-26T00:00:00Z
51,cycle,True,13824,408,150,TRANSFER,239.02,2025-06-26T00:00:00Z
51,cycle,True,13825,150,510,TRANSFER,191.21,2025-06-26T00:00:00Z
51,cycle,True,13826,623,1367,TRANSFER,973.53,2025-06-26T00:00:00Z
56,cycle,True,13937,1065,1274,TRANSFER,172.59,2025-06-27T00:00:00Z
53,cycle,True,14036,862,1305,TRANSFER,385.85,2025-06-27T00:00:00Z
51,cycle,True,14063,1367,669,TRANSFER,155.91,2025-06-27T00:00:00Z
42,fan_out,True,14219,121,1034,TRANSFER,467.24,2025-06-28T00:00:00Z
50,cycle,True,14227,112,1173,TRANSFER,898.37,2025-06-28T00:00:00Z
51,cycle,True,14228,510,1040,TRANSFER,977.88,2025-06-28T00:00:00Z
72,cycle,True,14264,260,1302,TRANSFER,987.6,2025-06-28T00:00:00Z
69,cycle,True,14327,196,817,TRANSFER,974.83,2025-06-28T00:00:00Z
68,cycle,True,14392,16,494,TRANSFER,805.89,2025-06-28T00:00:00Z
68,cycle,True,14393,519,1155,TRANSFER,337.82,2025-06-28T00:00:00Z
42,fan_out,True,14417,121,338,TRANSFER,359.7,2025-06-29T00:00:00Z
33,fan_out,True,14489,94,1254,TRANSFER,144.51,2025-06-29T00:00:00Z
33,fan_out,True,14490,94,41,TRANSFER,144.51,2025-06-29T00:00:00Z
51,cycle,True,14516,669,50,TRANSFER,453.36,2025-06-29T00:00:00Z
56,cycle,True,14518,1108,182,TRANSFER,628.26,2025-06-29T00:00:00Z
53,cycle,True,14535,300,862,TRANSFER,300.32,2025-06-29T00:00:00Z
73,cycle,True,14541,17,1442,TRANSFER,882.99,2025-06-29T00:00:00Z
73,cycle,True,14542,487,652,TRANSFER,932.1,2025-06-29T00:00:00Z
61,cycle,True,14592,398,214,TRANSFER,904.97,2025-06-29T00:00:00Z
68,cycle,True,14636,849,16,TRANSFER,508.42,2025-06-29T00:00:00Z
11,fan_in,True,14665,694,339,TRANSFER,191.38,2025-06-30T00:00:00Z
73,cycle,True,14724,1290,775,TRANSFER,878.0,2025-06-30T00:00:00Z
73,cycle,True,14725,775,1107,TRANSFER,812.32,2025-06-30T00:00:00Z
68,cycle,True,14806,1155,849,TRANSFER,167.09,2025-06-30T00:00:00Z
51,cycle,True,14906,1040,623,TRANSFER,216.65,2025-07-01T00:00:00Z
48,fan_out,True,14964,52,91,TRANSFER,376.34,2025-07-01T00:00:00Z
70,cycle,True,14988,111,362,TRANSFER,539.23,2025-07-01T00:00:00Z
70,cycle,True,14989,1256,425,TRANSFER,528.94,2025-07-01T00:00:00Z
73,cycle,True,15002,1107,487,TRANSFER,402.45,2025-07-01T00:00:00Z
50,cycle,True,15057,781,120,TRANSFER,695.54,2025-07-01T00:00:00Z
53,cycle,True,15081,657,890,TRANSFER,465.15,2025-07-01T00:00:00Z
70,cycle,True,15175,352,574,TRANSFER,263.05,2025-07-02T00:00:00Z
70,cycle,True,15176,1278,111,TRANSFER,592.79,2025-07-02T00:00:00Z
26,fan_out,True,15183,42,445,TRANSFER,209.27,2025-07-02T00:00:00Z
48,fan_out,True,15267,52,68,TRANSFER,339.89,2025-07-02T00:00:00Z
50,cycle,True,15336,784,77,TRANSFER,692.75,2025-07-02T00:00:00Z
50,cycle,True,15337,120,1178,TRANSFER,981.09,2025-07-02T00:00:00Z
72,cycle,True,15361,270,703,TRANSFER,741.11,2025-07-03T00:00:00Z
50,cycle,True,15442,1173,472,TRANSFER,549.37,2025-07-03T00:00:00Z
50,cycle,True,15443,472,784,TRANSFER,182.68,2025-07-03T00:00:00Z
50,cycle,True,15444,77,781,TRANSFER,335.65,2025-07-03T00:00:00Z
50,cycle,True,15445,1178,112,TRANSFER,925.35,2025-07-03T00:00:00Z
70,cycle,True,15484,574,290,TRANSFER,618.18,2025-07-03T00:00:00Z
51,cycle,True,15515,1261,408,TRANSFER,698.07,2025-07-03T00:00:00Z
47,fan_out,True,15817,98,909,TRANSFER,805.78,2025-07-04T00:00:00Z
70,cycle,True,16234,290,562,TRANSFER,610.74,2025-07-06T00:00:00Z
68,cycle,True,16236,1039,685,TRANSFER,905.97,2025-07-06T00:00:00Z
68,cycle,True,16237,5,519,TRANSFER,479.17,2025-07-06T00:00:00Z
73,cycle,True,16352,1442,1290,TRANSFER,394.32,2025-07-07T00:00:00Z
73,cycle,True,16353,652,17,TRANSFER,977.7,2025-07-07T00:00:00Z
70,cycle,True,16537,425,1278,TRANSFER,407.37,2025-07-07T00:00:00Z
68,cycle,True,16576,685,5,TRANSFER,846.27,2025-07-08T00:00:00Z
70,cycle,True,16643,562,1256,TRANSFER,933.75,2025-07-08T00:00:00Z
26,fan_out,True,16786,42,1253,TRANSFER,324.9,2025-07-09T00:00:00Z
33,fan_out,True,17112,94,1324,TRANSFER,150.22,2025-07-10T00:00:00Z
70,cycle,True,17156,362,352,TRANSFER,246.62,2025-07-10T00:00:00Z
68,cycle,True,17387,494,1039,TRANSFER,802.14,2025-07-11T00:00:00Z
